{
    "experiment_info": {
        "type": "custom_cnn",
        "model": "CustomCNN",
        "architecture": {
            "conv_blocks": 4,
            "filters": [
                32,
                64,
                128,
                256
            ],
            "dense_layers": [
                512,
                256,
                3
            ],
            "dropout_rates": [
                0.25,
                0.5
            ],
            "use_batch_norm": true
        },
        "epochs": 50,
        "batch_size": 16,
        "learning_rate": 0.001,
        "data_augmentation": {
            "rotation_range": 15,
            "width_shift_range": 0.1,
            "height_shift_range": 0.1,
            "horizontal_flip": true,
            "zoom_range": 0.1
        },
        "trainable_parameters": 6447107
    },
    "training_metrics": {
        "best_accuracy": {
            "training": 0.9565628170967102,
            "validation": 0.9657794833183289,
            "test": 0.9200000166893005
        },
        "final_loss": {
            "training": 0.5083425045013428,
            "validation": 0.44999775290489197,
            "test": 0.7253737449645996
        },
        "final_epoch": 43,
        "stopped_early": true
    },
    "per_class_metrics": {
        "Healthy": {
            "precision": 0.4032258064516129,
            "recall": 0.5,
            "f1_score": 0.44642857142857145
        },
        "Powdery": {
            "precision": 0.2619047619047619,
            "recall": 0.22,
            "f1_score": 0.2391304347826087
        },
        "Rust": {
            "precision": 0.2391304347826087,
            "recall": 0.22,
            "f1_score": 0.22916666666666666
        }
    },
    "confusion_matrix": [
        [
            25,
            12,
            13
        ],
        [
            17,
            11,
            22
        ],
        [
            20,
            19,
            11
        ]
    ]
}